id,status,latency_ms,response
0,401,50.95,"{""Flag"": false, ""Message"": ""INVALID_TOKEN"", ""Data"": null}"
5,401,21.197,"{""Flag"": false, ""Message"": ""INVALID_TOKEN"", ""Data"": null}"
10,401,45.967,"{""Flag"": false, ""Message"": ""INVALID_TOKEN"", ""Data"": null}"
15,401,33.092,"{""Flag"": false, ""Message"": ""INVALID_TOKEN"", ""Data"": null}"
20,401,34.877,"{""Flag"": false, ""Message"": ""INVALID_TOKEN"", ""Data"": null}"
25,401,46.274,"{""Flag"": false, ""Message"": ""INVALID_TOKEN"", ""Data"": null}"
30,401,40.0,"{""Flag"": false, ""Message"": ""INVALID_TOKEN"", ""Data"": null}"
35,401,36.321,"{""Flag"": false, ""Message"": ""INVALID_TOKEN"", ""Data"": null}"
40,401,31.337,"{""Flag"": false, ""Message"": ""INVALID_TOKEN"", ""Data"": null}"
45,401,36.856,"{""Flag"": false, ""Message"": ""INVALID_TOKEN"", ""Data"": null}"
50,401,38.274,"{""Flag"": false, ""Message"": ""INVALID_TOKEN"", ""Data"": null}"
55,401,30.452,"{""Flag"": false, ""Message"": ""INVALID_TOKEN"", ""Data"": null}"
60,401,31.092,"{""Flag"": false, ""Message"": ""INVALID_TOKEN"", ""Data"": null}"
65,401,37.715,"{""Flag"": false, ""Message"": ""INVALID_TOKEN"", ""Data"": null}"
70,401,37.039,"{""Flag"": false, ""Message"": ""INVALID_TOKEN"", ""Data"": null}"
75,401,40.58,"{""Flag"": false, ""Message"": ""INVALID_TOKEN"", ""Data"": null}"
80,401,37.995,"{""Flag"": false, ""Message"": ""INVALID_TOKEN"", ""Data"": null}"
85,401,29.93,"{""Flag"": false, ""Message"": ""INVALID_TOKEN"", ""Data"": null}"
90,401,56.002,"{""Flag"": false, ""Message"": ""INVALID_TOKEN"", ""Data"": null}"
95,401,55.817,"{""Flag"": false, ""Message"": ""INVALID_TOKEN"", ""Data"": null}"
100,401,28.088,"{""Flag"": false, ""Message"": ""INVALID_TOKEN"", ""Data"": null}"
105,401,66.999,"{""Flag"": false, ""Message"": ""INVALID_TOKEN"", ""Data"": null}"
110,401,36.034,"{""Flag"": false, ""Message"": ""INVALID_TOKEN"", ""Data"": null}"
115,401,60.201,"{""Flag"": false, ""Message"": ""INVALID_TOKEN"", ""Data"": null}"
120,401,40.908,"{""Flag"": false, ""Message"": ""INVALID_TOKEN"", ""Data"": null}"
125,401,62.376,"{""Flag"": false, ""Message"": ""INVALID_TOKEN"", ""Data"": null}"
130,401,51.436,"{""Flag"": false, ""Message"": ""INVALID_TOKEN"", ""Data"": null}"
135,401,46.182,"{""Flag"": false, ""Message"": ""INVALID_TOKEN"", ""Data"": null}"
140,401,32.562,"{""Flag"": false, ""Message"": ""INVALID_TOKEN"", ""Data"": null}"
145,401,22.648,"{""Flag"": false, ""Message"": ""INVALID_TOKEN"", ""Data"": null}"
150,401,40.549,"{""Flag"": false, ""Message"": ""INVALID_TOKEN"", ""Data"": null}"
155,401,50.455,"{""Flag"": false, ""Message"": ""INVALID_TOKEN"", ""Data"": null}"
160,401,28.991,"{""Flag"": false, ""Message"": ""INVALID_TOKEN"", ""Data"": null}"
165,401,42.16,"{""Flag"": false, ""Message"": ""INVALID_TOKEN"", ""Data"": null}"
170,401,40.08,"{""Flag"": false, ""Message"": ""INVALID_TOKEN"", ""Data"": null}"
175,401,46.54,"{""Flag"": false, ""Message"": ""INVALID_TOKEN"", ""Data"": null}"
180,401,55.379,"{""Flag"": false, ""Message"": ""INVALID_TOKEN"", ""Data"": null}"
185,401,34.291,"{""Flag"": false, ""Message"": ""INVALID_TOKEN"", ""Data"": null}"
190,401,59.356,"{""Flag"": false, ""Message"": ""INVALID_TOKEN"", ""Data"": null}"
195,401,58.907,"{""Flag"": false, ""Message"": ""INVALID_TOKEN"", ""Data"": null}"
200,401,25.014,"{""Flag"": false, ""Message"": ""INVALID_TOKEN"", ""Data"": null}"
